{
  "planet": "Jupiter",
  "serie": "J",
  "surface": 61400000000,
  "size_km": [
    208365.91939387308,
    294673.90914315445
  ],
  "rounded_size_mm": [
    208365919394,
    294673909143
  ],
  "formats": [
    "J0: 208365919394 × 294673909143 mm",
    "J1: 147336954571 × 208365919394 mm",
    "J2: 104182959697 × 147336954571 mm",
    "J3: 73668477285 × 104182959697 mm",
    "J4: 52091479848 × 73668477285 mm",
    "J5: 36834238642 × 52091479848 mm",
    "J6: 26045739924 × 36834238642 mm",
    "J7: 18417119321 × 26045739924 mm",
    "J8: 13022869962 × 18417119321 mm",
    "J9: 9208559660 × 13022869962 mm",
    "J10: 6511434981 × 9208559660 mm",
    "J11: 4604279830 × 6511434981 mm",
    "J12: 3255717490 × 4604279830 mm",
    "J13: 2302139915 × 3255717490 mm",
    "J14: 1627858745 × 2302139915 mm",
    "J15: 1151069957 × 1627858745 mm",
    "J16: 813929372 × 1151069957 mm",
    "J17: 575534978 × 813929372 mm",
    "J18: 406964686 × 575534978 mm",
    "J19: 287767489 × 406964686 mm",
    "J20: 203482343 × 287767489 mm",
    "J21: 143883744 × 203482343 mm",
    "J22: 101741171 × 143883744 mm",
    "J23: 71941872 × 101741171 mm",
    "J24: 50870585 × 71941872 mm",
    "J25: 35970936 × 50870585 mm",
    "J26: 25435292 × 35970936 mm",
    "J27: 17985468 × 25435292 mm",
    "J28: 12717646 × 17985468 mm",
    "J29: 8992734 × 12717646 mm",
    "J30: 6358823 × 8992734 mm",
    "J31: 4496367 × 6358823 mm",
    "J32: 3179411 × 4496367 mm",
    "J33: 2248183 × 3179411 mm",
    "J34: 1589705 × 2248183 mm",
    "J35: 1124091 × 1589705 mm",
    "J36: 794852 × 1124091 mm",
    "J37: 562045 × 794852 mm",
    "J38: 397426 × 562045 mm",
    "J39: 281022 × 397426 mm",
    "J40: 198713 × 281022 mm",
    "J41: 140511 × 198713 mm",
    "J42: 99356 × 140511 mm",
    "J43: 70255 × 99356 mm",
    "J44: 49678 × 70255 mm",
    "J45: 35127 × 49678 mm",
    "J46: 24839 × 35127 mm",
    "J47: 17563 × 24839 mm",
    "J48: 12419 × 17563 mm",
    "J49: 8781 × 12419 mm",
    "J50: 6209 × 8781 mm",
    "J51: 4390 × 6209 mm",
    "J52: 3104 × 4390 mm",
    "J53: 2195 × 3104 mm",
    "J54: 1552 × 2195 mm",
    "J55: 1097 × 1552 mm",
    "J56: 776 × 1097 mm",
    "J57: 548 × 776 mm",
    "J58: 388 × 548 mm",
    "J59: 274 × 388 mm",
    "J60: 194 × 274 mm",
    "J61: 137 × 194 mm"
  ],
  "a4equi": {
    "number": 60,
    "format": [
      194,
      274
    ]
  }
}