{
  "planet": "Mars",
  "serie": "Ma",
  "surface": 144798500,
  "size_km": [
    10118.695630151165,
    14309.996593685151
  ],
  "rounded_size_mm": [
    10118695630,
    14309996594
  ],
  "formats": [
    "Ma0: 10118695630 × 14309996594 mm",
    "Ma1: 7154998297 × 10118695630 mm",
    "Ma2: 5059347815 × 7154998297 mm",
    "Ma3: 3577499148 × 5059347815 mm",
    "Ma4: 2529673907 × 3577499148 mm",
    "Ma5: 1788749574 × 2529673907 mm",
    "Ma6: 1264836953 × 1788749574 mm",
    "Ma7: 894374787 × 1264836953 mm",
    "Ma8: 632418476 × 894374787 mm",
    "Ma9: 447187393 × 632418476 mm",
    "Ma10: 316209238 × 447187393 mm",
    "Ma11: 223593696 × 316209238 mm",
    "Ma12: 158104619 × 223593696 mm",
    "Ma13: 111796848 × 158104619 mm",
    "Ma14: 79052309 × 111796848 mm",
    "Ma15: 55898424 × 79052309 mm",
    "Ma16: 39526154 × 55898424 mm",
    "Ma17: 27949212 × 39526154 mm",
    "Ma18: 19763077 × 27949212 mm",
    "Ma19: 13974606 × 19763077 mm",
    "Ma20: 9881538 × 13974606 mm",
    "Ma21: 6987303 × 9881538 mm",
    "Ma22: 4940769 × 6987303 mm",
    "Ma23: 3493651 × 4940769 mm",
    "Ma24: 2470384 × 3493651 mm",
    "Ma25: 1746825 × 2470384 mm",
    "Ma26: 1235192 × 1746825 mm",
    "Ma27: 873412 × 1235192 mm",
    "Ma28: 617596 × 873412 mm",
    "Ma29: 436706 × 617596 mm",
    "Ma30: 308798 × 436706 mm",
    "Ma31: 218353 × 308798 mm",
    "Ma32: 154399 × 218353 mm",
    "Ma33: 109176 × 154399 mm",
    "Ma34: 77199 × 109176 mm",
    "Ma35: 54588 × 77199 mm",
    "Ma36: 38599 × 54588 mm",
    "Ma37: 27294 × 38599 mm",
    "Ma38: 19299 × 27294 mm",
    "Ma39: 13647 × 19299 mm",
    "Ma40: 9649 × 13647 mm",
    "Ma41: 6823 × 9649 mm",
    "Ma42: 4824 × 6823 mm",
    "Ma43: 3411 × 4824 mm",
    "Ma44: 2412 × 3411 mm",
    "Ma45: 1705 × 2412 mm",
    "Ma46: 1206 × 1705 mm",
    "Ma47: 852 × 1206 mm",
    "Ma48: 603 × 852 mm",
    "Ma49: 426 × 603 mm",
    "Ma50: 301 × 426 mm",
    "Ma51: 213 × 301 mm",
    "Ma52: 150 × 213 mm",
    "Ma53: 106 × 150 mm",
    "Ma54: 75 × 106 mm",
    "Ma55: 53 × 75 mm",
    "Ma56: 37 × 53 mm",
    "Ma57: 26 × 37 mm",
    "Ma58: 18 × 26 mm",
    "Ma59: 13 × 18 mm",
    "Ma60: 9 × 13 mm",
    "Ma61: 6 × 9 mm"
  ],
  "a4equi": {
    "number": 52,
    "format": [
      150,
      213
    ]
  }
}