{
  "planet": "Mercury",
  "serie": "Me",
  "surface": 74800000,
  "size_km": [
    7272.660258306704,
    10285.09477182916
  ],
  "rounded_size_mm": [
    7272660258,
    10285094772
  ],
  "formats": [
    "Me0: 7272660258 × 10285094772 mm",
    "Me1: 5142547386 × 7272660258 mm",
    "Me2: 3636330129 × 5142547386 mm",
    "Me3: 2571273693 × 3636330129 mm",
    "Me4: 1818165064 × 2571273693 mm",
    "Me5: 1285636846 × 1818165064 mm",
    "Me6: 909082532 × 1285636846 mm",
    "Me7: 642818423 × 909082532 mm",
    "Me8: 454541266 × 642818423 mm",
    "Me9: 321409211 × 454541266 mm",
    "Me10: 227270633 × 321409211 mm",
    "Me11: 160704605 × 227270633 mm",
    "Me12: 113635316 × 160704605 mm",
    "Me13: 80352302 × 113635316 mm",
    "Me14: 56817658 × 80352302 mm",
    "Me15: 40176151 × 56817658 mm",
    "Me16: 28408829 × 40176151 mm",
    "Me17: 20088075 × 28408829 mm",
    "Me18: 14204414 × 20088075 mm",
    "Me19: 10044037 × 14204414 mm",
    "Me20: 7102207 × 10044037 mm",
    "Me21: 5022018 × 7102207 mm",
    "Me22: 3551103 × 5022018 mm",
    "Me23: 2511009 × 3551103 mm",
    "Me24: 1775551 × 2511009 mm",
    "Me25: 1255504 × 1775551 mm",
    "Me26: 887775 × 1255504 mm",
    "Me27: 627752 × 887775 mm",
    "Me28: 443887 × 627752 mm",
    "Me29: 313876 × 443887 mm",
    "Me30: 221943 × 313876 mm",
    "Me31: 156938 × 221943 mm",
    "Me32: 110971 × 156938 mm",
    "Me33: 78469 × 110971 mm",
    "Me34: 55485 × 78469 mm",
    "Me35: 39234 × 55485 mm",
    "Me36: 27742 × 39234 mm",
    "Me37: 19617 × 27742 mm",
    "Me38: 13871 × 19617 mm",
    "Me39: 9808 × 13871 mm",
    "Me40: 6935 × 9808 mm",
    "Me41: 4904 × 6935 mm",
    "Me42: 3467 × 4904 mm",
    "Me43: 2452 × 3467 mm",
    "Me44: 1733 × 2452 mm",
    "Me45: 1226 × 1733 mm",
    "Me46: 866 × 1226 mm",
    "Me47: 613 × 866 mm",
    "Me48: 433 × 613 mm",
    "Me49: 306 × 433 mm",
    "Me50: 216 × 306 mm",
    "Me51: 153 × 216 mm",
    "Me52: 108 × 153 mm",
    "Me53: 76 × 108 mm",
    "Me54: 54 × 76 mm",
    "Me55: 38 × 54 mm",
    "Me56: 27 × 38 mm",
    "Me57: 19 × 27 mm",
    "Me58: 13 × 19 mm",
    "Me59: 9 × 13 mm",
    "Me60: 6 × 9 mm",
    "Me61: 4 × 6 mm"
  ],
  "a4equi": {
    "number": 51,
    "format": [
      153,
      216
    ]
  }
}