{
  "planet": "Neptune",
  "serie": "N",
  "surface": 7618300000,
  "size_km": [
    73395.85540828225,
    103797.41414036744
  ],
  "rounded_size_mm": [
    73395855408,
    103797414140
  ],
  "formats": [
    "N0: 73395855408 × 103797414140 mm",
    "N1: 51898707070 × 73395855408 mm",
    "N2: 36697927704 × 51898707070 mm",
    "N3: 25949353535 × 36697927704 mm",
    "N4: 18348963852 × 25949353535 mm",
    "N5: 12974676767 × 18348963852 mm",
    "N6: 9174481926 × 12974676767 mm",
    "N7: 6487338383 × 9174481926 mm",
    "N8: 4587240963 × 6487338383 mm",
    "N9: 3243669191 × 4587240963 mm",
    "N10: 2293620481 × 3243669191 mm",
    "N11: 1621834595 × 2293620481 mm",
    "N12: 1146810240 × 1621834595 mm",
    "N13: 810917297 × 1146810240 mm",
    "N14: 573405120 × 810917297 mm",
    "N15: 405458648 × 573405120 mm",
    "N16: 286702560 × 405458648 mm",
    "N17: 202729324 × 286702560 mm",
    "N18: 143351280 × 202729324 mm",
    "N19: 101364662 × 143351280 mm",
    "N20: 71675640 × 101364662 mm",
    "N21: 50682331 × 71675640 mm",
    "N22: 35837820 × 50682331 mm",
    "N23: 25341165 × 35837820 mm",
    "N24: 17918910 × 25341165 mm",
    "N25: 12670582 × 17918910 mm",
    "N26: 8959455 × 12670582 mm",
    "N27: 6335291 × 8959455 mm",
    "N28: 4479727 × 6335291 mm",
    "N29: 3167645 × 4479727 mm",
    "N30: 2239863 × 3167645 mm",
    "N31: 1583822 × 2239863 mm",
    "N32: 1119931 × 1583822 mm",
    "N33: 791911 × 1119931 mm",
    "N34: 559965 × 791911 mm",
    "N35: 395955 × 559965 mm",
    "N36: 279982 × 395955 mm",
    "N37: 197977 × 279982 mm",
    "N38: 139991 × 197977 mm",
    "N39: 98988 × 139991 mm",
    "N40: 69995 × 98988 mm",
    "N41: 49494 × 69995 mm",
    "N42: 34997 × 49494 mm",
    "N43: 24747 × 34997 mm",
    "N44: 17498 × 24747 mm",
    "N45: 12373 × 17498 mm",
    "N46: 8749 × 12373 mm",
    "N47: 6186 × 8749 mm",
    "N48: 4374 × 6186 mm",
    "N49: 3093 × 4374 mm",
    "N50: 2187 × 3093 mm",
    "N51: 1546 × 2187 mm",
    "N52: 1093 × 1546 mm",
    "N53: 773 × 1093 mm",
    "N54: 546 × 773 mm",
    "N55: 386 × 546 mm",
    "N56: 273 × 386 mm",
    "N57: 193 × 273 mm",
    "N58: 136 × 193 mm",
    "N59: 96 × 136 mm",
    "N60: 68 × 96 mm",
    "N61: 48 × 68 mm"
  ],
  "a4equi": {
    "number": 57,
    "format": [
      193,
      273
    ]
  }
}